x-axis,1,2
second,Volt,Volt
+0.0E+00,+1.7812500000E+00,+1.8125000000E+00
+200.0E-09,+1.7812500000E+00,+1.8437500000E+00
+400.0E-09,+1.7812500000E+00,+1.8125000000E+00
+600.0E-09,+1.7812500000E+00,+1.8125000000E+00
+800.0E-09,+1.7812500000E+00,+1.8125000000E+00
+1.0000E-06,+1.8125000000E+00,+1.8125000000E+00
+1.2000E-06,+1.8125000000E+00,+1.8125000000E+00
+1.4000E-06,+1.7812500000E+00,+1.8437500000E+00
+1.6000E-06,+1.7500000000E+00,+1.8125000000E+00
+1.8000E-06,+1.8125000000E+00,+1.8125000000E+00
+2.0000E-06,+1.7812500000E+00,+1.7812500000E+00
+2.2000E-06,+1.7812500000E+00,+1.8125000000E+00
+2.4000E-06,+1.7812500000E+00,+1.8437500000E+00
+2.6000E-06,+1.8125000000E+00,+1.8437500000E+00
+2.8000E-06,+1.7812500000E+00,+1.8125000000E+00
+3.0000E-06,+1.8125000000E+00,+1.8125000000E+00
+3.2000E-06,+1.8125000000E+00,+1.7812500000E+00
+3.4000E-06,+1.8125000000E+00,+1.8125000000E+00
+3.6000E-06,+1.7812500000E+00,+1.8437500000E+00
+3.8000E-06,+1.7812500000E+00,+1.8437500000E+00
+4.0000E-06,+1.7812500000E+00,+1.8125000000E+00
+4.2000E-06,+1.8125000000E+00,+1.8125000000E+00
+4.4000E-06,+1.8125000000E+00,+1.8437500000E+00
+4.6000E-06,+1.8125000000E+00,+1.8125000000E+00
+4.8000E-06,+1.8125000000E+00,+1.8125000000E+00
+5.0000E-06,+1.7812500000E+00,+1.8125000000E+00
+5.2000E-06,+1.7812500000E+00,+1.8125000000E+00
+5.4000E-06,+1.7812500000E+00,+1.8125000000E+00
+5.6000E-06,+1.8125000000E+00,+1.7812500000E+00
+5.8000E-06,+1.8125000000E+00,+1.8125000000E+00
+6.0000E-06,+1.7812500000E+00,+1.8125000000E+00
+6.2000E-06,+1.7812500000E+00,+1.8125000000E+00
+6.4000E-06,+1.7812500000E+00,+1.7812500000E+00
+6.6000E-06,+1.8125000000E+00,+1.8125000000E+00
+6.8000E-06,+1.7812500000E+00,+1.8125000000E+00
+7.0000E-06,+1.7812500000E+00,+1.8437500000E+00
+7.2000E-06,+1.7812500000E+00,+1.8125000000E+00
+7.4000E-06,+1.8125000000E+00,+1.8125000000E+00
+7.6000E-06,+1.7812500000E+00,+1.8125000000E+00
+7.8000E-06,+1.7812500000E+00,+1.8125000000E+00
+8.0000E-06,+1.8125000000E+00,+1.8125000000E+00
+8.2000E-06,+1.7812500000E+00,+1.8437500000E+00
+8.4000E-06,+1.7500000000E+00,+1.8125000000E+00
+8.6000E-06,+1.7812500000E+00,+1.8125000000E+00
+8.8000E-06,+1.7812500000E+00,+1.8125000000E+00
+9.0000E-06,+1.7812500000E+00,+1.8125000000E+00
+9.2000E-06,+1.7812500000E+00,+1.8437500000E+00
+9.4000E-06,+1.8125000000E+00,+1.8125000000E+00
+9.6000E-06,+1.7812500000E+00,+1.7812500000E+00
+9.8000E-06,+1.7812500000E+00,-375.0000000E-03
+10.0000E-06,+1.7812500000E+00,-93.7500000E-03
+10.2000E-06,+1.8125000000E+00,-62.5000000E-03
+10.4000E-06,+1.8125000000E+00,-62.5000000E-03
+10.6000E-06,+1.7812500000E+00,-31.2500000E-03
+10.8000E-06,+1.8125000000E+00,-31.2500000E-03
+11.0000E-06,+1.7812500000E+00,-93.7500000E-03
+11.2000E-06,+1.7812500000E+00,-31.2500000E-03
+11.4000E-06,+1.7812500000E+00,-31.2500000E-03
+11.6000E-06,-250.0000000E-03,-93.7500000E-03
+11.8000E-06,-218.7500000E-03,-62.5000000E-03
+12.0000E-06,-187.5000000E-03,-62.5000000E-03
+12.2000E-06,-218.7500000E-03,-62.5000000E-03
+12.4000E-06,-218.7500000E-03,-62.5000000E-03
+12.6000E-06,-187.5000000E-03,-62.5000000E-03
+12.8000E-06,-218.7500000E-03,-31.2500000E-03
+13.0000E-06,-218.7500000E-03,-31.2500000E-03
+13.2000E-06,-218.7500000E-03,-62.5000000E-03
+13.4000E-06,-187.5000000E-03,-62.5000000E-03
+13.6000E-06,-218.7500000E-03,-31.2500000E-03
+13.8000E-06,-187.5000000E-03,-31.2500000E-03
+14.0000E-06,-187.5000000E-03,-62.5000000E-03
+14.2000E-06,-187.5000000E-03,-31.2500000E-03
+14.4000E-06,-187.5000000E-03,-31.2500000E-03
+14.6000E-06,-187.5000000E-03,-31.2500000E-03
+14.8000E-06,-187.5000000E-03,-31.2500000E-03
+15.0000E-06,-156.2500000E-03,-62.5000000E-03
+15.2000E-06,-187.5000000E-03,-0.0E+00
+15.4000E-06,-218.7500000E-03,-62.5000000E-03
+15.6000E-06,-187.5000000E-03,-62.5000000E-03
+15.8000E-06,-187.5000000E-03,-31.2500000E-03
+16.0000E-06,-218.7500000E-03,-31.2500000E-03
+16.2000E-06,-187.5000000E-03,-62.5000000E-03
+16.4000E-06,-218.7500000E-03,-31.2500000E-03
+16.6000E-06,-218.7500000E-03,-31.2500000E-03
+16.8000E-06,-156.2500000E-03,-62.5000000E-03
+17.0000E-06,-218.7500000E-03,-31.2500000E-03
+17.2000E-06,-218.7500000E-03,-31.2500000E-03
+17.4000E-06,-187.5000000E-03,-31.2500000E-03
+17.6000E-06,-187.5000000E-03,-31.2500000E-03
+17.8000E-06,-187.5000000E-03,-31.2500000E-03
+18.0000E-06,-187.5000000E-03,-62.5000000E-03
+18.2000E-06,-187.5000000E-03,-0.0E+00
+18.4000E-06,-187.5000000E-03,-62.5000000E-03
+18.6000E-06,-218.7500000E-03,-62.5000000E-03
+18.8000E-06,-218.7500000E-03,-31.2500000E-03
+19.0000E-06,-187.5000000E-03,-0.0E+00
+19.2000E-06,-187.5000000E-03,-31.2500000E-03
+19.4000E-06,-156.2500000E-03,-31.2500000E-03
+19.6000E-06,-187.5000000E-03,-62.5000000E-03
+19.8000E-06,-187.5000000E-03,-31.2500000E-03
+20.0000E-06,-156.2500000E-03,-62.5000000E-03
+20.2000E-06,-187.5000000E-03,-31.2500000E-03
+20.4000E-06,-218.7500000E-03,-31.2500000E-03
+20.6000E-06,-156.2500000E-03,-31.2500000E-03
+20.8000E-06,-187.5000000E-03,-0.0E+00
+21.0000E-06,-187.5000000E-03,-31.2500000E-03
+21.2000E-06,-187.5000000E-03,-31.2500000E-03
+21.4000E-06,-187.5000000E-03,+0.0E+00
+21.6000E-06,+1.8750000000E+00,-0.0E+00
+21.8000E-06,+1.8125000000E+00,-31.2500000E-03
+22.0000E-06,+1.8125000000E+00,-0.0E+00
+22.2000E-06,+1.8437500000E+00,-31.2500000E-03
+22.4000E-06,+1.8750000000E+00,-0.0E+00
+22.6000E-06,+1.8125000000E+00,-31.2500000E-03
+22.8000E-06,+1.8437500000E+00,-31.2500000E-03
+23.0000E-06,+1.8125000000E+00,-0.0E+00
+23.2000E-06,+1.8437500000E+00,-62.5000000E-03
+23.4000E-06,+1.8125000000E+00,-0.0E+00
+23.6000E-06,+1.7812500000E+00,-31.2500000E-03
+23.8000E-06,+1.8437500000E+00,-31.2500000E-03
+24.0000E-06,+1.8125000000E+00,-31.2500000E-03
+24.2000E-06,+1.8125000000E+00,-31.2500000E-03
+24.4000E-06,+1.8437500000E+00,+0.0E+00
+24.6000E-06,+1.8125000000E+00,+0.0E+00
+24.8000E-06,+1.8125000000E+00,-0.0E+00
+25.0000E-06,+1.8125000000E+00,-31.2500000E-03
+25.2000E-06,+1.8125000000E+00,-0.0E+00
+25.4000E-06,+1.8125000000E+00,-31.2500000E-03
+25.6000E-06,+1.7812500000E+00,-31.2500000E-03
+25.8000E-06,+1.8125000000E+00,+0.0E+00
+26.0000E-06,+1.8125000000E+00,+0.0E+00
+26.2000E-06,+1.8125000000E+00,-0.0E+00
+26.4000E-06,+1.8437500000E+00,-31.2500000E-03
+26.6000E-06,+1.8125000000E+00,-0.0E+00
+26.8000E-06,+1.8125000000E+00,-62.5000000E-03
+27.0000E-06,+1.8125000000E+00,-0.0E+00
+27.2000E-06,+1.8125000000E+00,-31.2500000E-03
+27.4000E-06,+1.8125000000E+00,-0.0E+00
+27.6000E-06,+1.8437500000E+00,-31.2500000E-03
+27.8000E-06,+1.8125000000E+00,-31.2500000E-03
+28.0000E-06,+1.8125000000E+00,+0.0E+00
+28.2000E-06,+1.8125000000E+00,-0.0E+00
+28.4000E-06,+1.8125000000E+00,-31.2500000E-03
+28.6000E-06,+1.8125000000E+00,+0.0E+00
+28.8000E-06,+1.7500000000E+00,+1.5625000000E+00
+29.0000E-06,+1.8125000000E+00,+1.8437500000E+00
+29.2000E-06,+1.8125000000E+00,+1.8125000000E+00
+29.4000E-06,+1.8125000000E+00,+1.8125000000E+00
+29.6000E-06,+1.8125000000E+00,+1.8437500000E+00
+29.8000E-06,+1.8125000000E+00,+1.8125000000E+00
+30.0000E-06,+1.8125000000E+00,+1.8125000000E+00
+30.2000E-06,+1.8125000000E+00,+1.8437500000E+00
+30.4000E-06,+1.8125000000E+00,+1.8437500000E+00
+30.6000E-06,+1.8125000000E+00,+1.8437500000E+00
+30.8000E-06,+1.8125000000E+00,+1.8125000000E+00
+31.0000E-06,+1.8125000000E+00,+1.8437500000E+00
+31.2000E-06,+1.7812500000E+00,+1.8437500000E+00
+31.4000E-06,+1.8125000000E+00,+1.8437500000E+00
+31.6000E-06,-250.0000000E-03,+1.8125000000E+00
+31.8000E-06,-187.5000000E-03,+1.8437500000E+00
+32.0000E-06,-218.7500000E-03,+1.8437500000E+00
+32.2000E-06,-218.7500000E-03,+1.8125000000E+00
+32.4000E-06,-187.5000000E-03,+1.8437500000E+00
+32.6000E-06,-187.5000000E-03,+1.8437500000E+00
+32.8000E-06,-187.5000000E-03,+1.8437500000E+00
+33.0000E-06,-187.5000000E-03,+1.8437500000E+00
+33.2000E-06,-156.2500000E-03,+1.8125000000E+00
+33.4000E-06,-218.7500000E-03,+1.8437500000E+00
+33.6000E-06,-187.5000000E-03,+1.8437500000E+00
+33.8000E-06,-218.7500000E-03,+1.8437500000E+00
+34.0000E-06,-187.5000000E-03,+1.8125000000E+00
+34.2000E-06,-187.5000000E-03,+1.8125000000E+00
+34.4000E-06,-187.5000000E-03,+1.8125000000E+00
+34.6000E-06,-187.5000000E-03,+1.8125000000E+00
+34.8000E-06,-187.5000000E-03,+1.8437500000E+00
+35.0000E-06,-187.5000000E-03,+1.8437500000E+00
+35.2000E-06,-187.5000000E-03,+1.8125000000E+00
+35.4000E-06,-187.5000000E-03,+1.8125000000E+00
+35.6000E-06,-187.5000000E-03,+1.8125000000E+00
+35.8000E-06,-187.5000000E-03,+1.8125000000E+00
+36.0000E-06,-187.5000000E-03,+1.8437500000E+00
+36.2000E-06,-156.2500000E-03,+1.8125000000E+00
+36.4000E-06,-187.5000000E-03,+1.8125000000E+00
+36.6000E-06,-187.5000000E-03,+1.8437500000E+00
+36.8000E-06,-187.5000000E-03,+1.8125000000E+00
+37.0000E-06,-156.2500000E-03,+1.8437500000E+00
+37.2000E-06,-187.5000000E-03,+1.8125000000E+00
+37.4000E-06,-187.5000000E-03,+1.8437500000E+00
+37.6000E-06,-156.2500000E-03,+1.8125000000E+00
+37.8000E-06,-156.2500000E-03,+1.8437500000E+00
+38.0000E-06,-156.2500000E-03,+1.8437500000E+00
+38.2000E-06,-156.2500000E-03,+1.8437500000E+00
+38.4000E-06,-156.2500000E-03,+1.8125000000E+00
+38.6000E-06,-156.2500000E-03,+1.8125000000E+00
+38.8000E-06,-187.5000000E-03,+1.8125000000E+00
+39.0000E-06,-187.5000000E-03,+1.8437500000E+00
+39.2000E-06,-156.2500000E-03,+1.8437500000E+00
+39.4000E-06,-187.5000000E-03,+1.8437500000E+00
+39.6000E-06,-187.5000000E-03,+1.8437500000E+00
+39.8000E-06,-187.5000000E-03,+1.8125000000E+00
+40.0000E-06,-156.2500000E-03,+1.8125000000E+00
+40.2000E-06,-156.2500000E-03,+1.8125000000E+00
+40.4000E-06,-187.5000000E-03,+1.8125000000E+00
+40.6000E-06,-156.2500000E-03,+1.8125000000E+00
+40.8000E-06,-187.5000000E-03,+1.8125000000E+00
+41.0000E-06,-156.2500000E-03,+1.8125000000E+00
+41.2000E-06,-187.5000000E-03,+0.0E+00
+41.4000E-06,-125.0000000E-03,-31.2500000E-03
+41.6000E-06,+1.8750000000E+00,+0.0E+00
+41.8000E-06,+1.8437500000E+00,-31.2500000E-03
+42.0000E-06,+1.8125000000E+00,-31.2500000E-03
+42.2000E-06,+1.8437500000E+00,-31.2500000E-03
+42.4000E-06,+1.8125000000E+00,-31.2500000E-03
+42.6000E-06,+1.8125000000E+00,-31.2500000E-03
+42.8000E-06,+1.8437500000E+00,-0.0E+00
+43.0000E-06,+1.8437500000E+00,-31.2500000E-03
+43.2000E-06,+1.8437500000E+00,-31.2500000E-03
+43.4000E-06,+1.8125000000E+00,-31.2500000E-03
+43.6000E-06,+1.8125000000E+00,-31.2500000E-03
+43.8000E-06,+1.8125000000E+00,-0.0E+00
+44.0000E-06,+1.8125000000E+00,-31.2500000E-03
+44.2000E-06,+1.8125000000E+00,-31.2500000E-03
+44.4000E-06,+1.8125000000E+00,-31.2500000E-03
+44.6000E-06,+1.8437500000E+00,-62.5000000E-03
+44.8000E-06,+1.8437500000E+00,-31.2500000E-03
+45.0000E-06,+1.8125000000E+00,-0.0E+00
+45.2000E-06,+1.8125000000E+00,+0.0E+00
+45.4000E-06,+1.8750000000E+00,+0.0E+00
+45.6000E-06,+1.8125000000E+00,-31.2500000E-03
+45.8000E-06,+1.8125000000E+00,-31.2500000E-03
+46.0000E-06,+1.8125000000E+00,-62.5000000E-03
+46.2000E-06,+1.8125000000E+00,-31.2500000E-03
+46.4000E-06,+1.8437500000E+00,-0.0E+00
+46.6000E-06,+1.8437500000E+00,+0.0E+00
+46.8000E-06,+1.8125000000E+00,-31.2500000E-03
+47.0000E-06,+1.8125000000E+00,-93.7500000E-03
+47.2000E-06,+1.8437500000E+00,-31.2500000E-03
+47.4000E-06,+1.8125000000E+00,-31.2500000E-03
+47.6000E-06,+1.8125000000E+00,-0.0E+00
+47.8000E-06,+1.8125000000E+00,-31.2500000E-03
+48.0000E-06,+1.8437500000E+00,-0.0E+00
+48.2000E-06,+1.8437500000E+00,-31.2500000E-03
+48.4000E-06,+1.8437500000E+00,-31.2500000E-03
+48.6000E-06,+1.8437500000E+00,-31.2500000E-03
+48.8000E-06,+1.8125000000E+00,-0.0E+00
+49.0000E-06,+1.8125000000E+00,+0.0E+00
+49.2000E-06,+1.8437500000E+00,-31.2500000E-03
+49.4000E-06,+1.8125000000E+00,-62.5000000E-03
+49.6000E-06,+1.8437500000E+00,-0.0E+00
+49.8000E-06,+1.8437500000E+00,+0.0E+00
+50.0000E-06,+1.8437500000E+00,+0.0E+00
+50.2000E-06,+1.8437500000E+00,+0.0E+00
+50.4000E-06,+1.8437500000E+00,-31.2500000E-03
+50.6000E-06,+1.8437500000E+00,-31.2500000E-03
+50.8000E-06,+1.8437500000E+00,-31.2500000E-03
+51.0000E-06,+1.8125000000E+00,-0.0E+00
+51.2000E-06,+1.8125000000E+00,+0.0E+00
+51.4000E-06,+1.8437500000E+00,-62.5000000E-03
+51.6000E-06,-187.5000000E-03,-93.7500000E-03
+51.8000E-06,-156.2500000E-03,-31.2500000E-03
+52.0000E-06,-187.5000000E-03,-0.0E+00
+52.2000E-06,-187.5000000E-03,+0.0E+00
+52.4000E-06,-156.2500000E-03,-31.2500000E-03
+52.6000E-06,-156.2500000E-03,-62.5000000E-03
+52.8000E-06,-156.2500000E-03,-0.0E+00
+53.0000E-06,-156.2500000E-03,-31.2500000E-03
+53.2000E-06,-187.5000000E-03,+1.8125000000E+00
+53.4000E-06,-156.2500000E-03,+1.9062500000E+00
+53.6000E-06,-156.2500000E-03,+1.8437500000E+00
+53.8000E-06,-125.0000000E-03,+1.8125000000E+00
+54.0000E-06,-156.2500000E-03,+1.8750000000E+00
+54.2000E-06,-156.2500000E-03,+1.8750000000E+00
+54.4000E-06,-156.2500000E-03,+1.8750000000E+00
+54.6000E-06,-156.2500000E-03,+1.8125000000E+00
+54.8000E-06,-156.2500000E-03,+1.8437500000E+00
+55.0000E-06,-156.2500000E-03,+1.8437500000E+00
+55.2000E-06,-156.2500000E-03,+1.8437500000E+00
+55.4000E-06,-125.0000000E-03,+1.8437500000E+00
+55.6000E-06,-156.2500000E-03,+1.8750000000E+00
+55.8000E-06,-156.2500000E-03,+1.8437500000E+00
+56.0000E-06,-156.2500000E-03,+1.8750000000E+00
+56.2000E-06,-156.2500000E-03,+1.8750000000E+00
+56.4000E-06,-156.2500000E-03,+1.8750000000E+00
+56.6000E-06,-156.2500000E-03,+1.8437500000E+00
+56.8000E-06,-187.5000000E-03,+1.8437500000E+00
+57.0000E-06,-156.2500000E-03,+1.8125000000E+00
+57.2000E-06,-156.2500000E-03,+1.8750000000E+00
+57.4000E-06,-156.2500000E-03,+1.8437500000E+00
+57.6000E-06,-187.5000000E-03,+1.8750000000E+00
+57.8000E-06,-156.2500000E-03,+1.8125000000E+00
+58.0000E-06,-156.2500000E-03,+1.8125000000E+00
+58.2000E-06,-156.2500000E-03,+1.8437500000E+00
+58.4000E-06,-156.2500000E-03,+1.8437500000E+00
+58.6000E-06,-125.0000000E-03,+1.8437500000E+00
+58.8000E-06,-156.2500000E-03,+1.8437500000E+00
+59.0000E-06,-125.0000000E-03,+1.8125000000E+00
+59.2000E-06,-125.0000000E-03,+1.8437500000E+00
+59.4000E-06,-156.2500000E-03,+1.8437500000E+00
+59.6000E-06,-125.0000000E-03,+1.8437500000E+00
+59.8000E-06,-156.2500000E-03,+1.8125000000E+00
+60.0000E-06,-125.0000000E-03,+1.8437500000E+00
+60.2000E-06,-218.7500000E-03,+1.8437500000E+00
+60.4000E-06,-156.2500000E-03,+1.8437500000E+00
+60.6000E-06,-156.2500000E-03,+1.8750000000E+00
+60.8000E-06,-125.0000000E-03,+1.8125000000E+00
+61.0000E-06,-156.2500000E-03,+1.8437500000E+00
+61.2000E-06,-125.0000000E-03,+1.8437500000E+00
+61.4000E-06,-156.2500000E-03,+1.8437500000E+00
+61.6000E-06,+1.9062500000E+00,+1.8437500000E+00
+61.8000E-06,+1.8750000000E+00,+1.8125000000E+00
+62.0000E-06,+1.8750000000E+00,+1.8437500000E+00
+62.2000E-06,+1.8750000000E+00,+1.8125000000E+00
+62.4000E-06,+1.8750000000E+00,+1.8437500000E+00
+62.6000E-06,+1.8437500000E+00,+1.8437500000E+00
+62.8000E-06,+1.8750000000E+00,+1.8750000000E+00
+63.0000E-06,+1.8750000000E+00,+1.8125000000E+00
+63.2000E-06,+1.8750000000E+00,+1.8125000000E+00
+63.4000E-06,+1.8750000000E+00,+1.8125000000E+00
+63.6000E-06,+1.8750000000E+00,+1.8437500000E+00
+63.8000E-06,+1.8125000000E+00,+1.8750000000E+00
+64.0000E-06,+1.8750000000E+00,+1.8125000000E+00
+64.2000E-06,+1.8437500000E+00,+1.8125000000E+00
+64.4000E-06,+1.8750000000E+00,+1.8437500000E+00
+64.6000E-06,+1.8125000000E+00,+1.8125000000E+00
+64.8000E-06,+1.8437500000E+00,+1.8125000000E+00
+65.0000E-06,+1.8437500000E+00,+1.8437500000E+00
+65.2000E-06,+1.8437500000E+00,+1.8125000000E+00
+65.4000E-06,+1.8437500000E+00,+1.8125000000E+00
+65.6000E-06,+1.8750000000E+00,+1.8125000000E+00
+65.8000E-06,+1.8437500000E+00,+1.8437500000E+00
+66.0000E-06,+1.8125000000E+00,+1.8125000000E+00
+66.2000E-06,+1.8437500000E+00,+1.8125000000E+00
+66.4000E-06,+1.8125000000E+00,+1.8125000000E+00
+66.6000E-06,+1.8125000000E+00,+1.8125000000E+00
+66.8000E-06,+1.8125000000E+00,+1.8125000000E+00
+67.0000E-06,+1.8125000000E+00,+1.8437500000E+00
+67.2000E-06,+1.8125000000E+00,+1.8437500000E+00
+67.4000E-06,+1.8125000000E+00,+1.8437500000E+00
+67.6000E-06,+1.8437500000E+00,-156.2500000E-03
+67.8000E-06,+1.8437500000E+00,-62.5000000E-03
+68.0000E-06,+1.8750000000E+00,-62.5000000E-03
+68.2000E-06,+1.8750000000E+00,-31.2500000E-03
+68.4000E-06,+1.8750000000E+00,-31.2500000E-03
+68.6000E-06,+1.8437500000E+00,-31.2500000E-03
+68.8000E-06,+1.8437500000E+00,-31.2500000E-03
+69.0000E-06,+1.8125000000E+00,-62.5000000E-03
+69.2000E-06,+1.8437500000E+00,-62.5000000E-03
+69.4000E-06,+1.8437500000E+00,-31.2500000E-03
+69.6000E-06,+1.8437500000E+00,-31.2500000E-03
+69.8000E-06,+1.8750000000E+00,-31.2500000E-03
+70.0000E-06,+1.8750000000E+00,-62.5000000E-03
+70.2000E-06,+1.8437500000E+00,-31.2500000E-03
+70.4000E-06,+1.8125000000E+00,-62.5000000E-03
+70.6000E-06,+1.8437500000E+00,-31.2500000E-03
+70.8000E-06,+1.8437500000E+00,-31.2500000E-03
+71.0000E-06,+1.8125000000E+00,-31.2500000E-03
+71.2000E-06,+1.8437500000E+00,-62.5000000E-03
+71.4000E-06,+1.8437500000E+00,-62.5000000E-03
+71.6000E-06,-187.5000000E-03,-62.5000000E-03
+71.8000E-06,-156.2500000E-03,-0.0E+00
+72.0000E-06,-187.5000000E-03,-31.2500000E-03
+72.2000E-06,-125.0000000E-03,-31.2500000E-03
+72.4000E-06,-156.2500000E-03,-62.5000000E-03
+72.6000E-06,-156.2500000E-03,-62.5000000E-03
+72.8000E-06,-156.2500000E-03,-31.2500000E-03
+73.0000E-06,-156.2500000E-03,-31.2500000E-03
+73.2000E-06,-187.5000000E-03,-31.2500000E-03
+73.4000E-06,-187.5000000E-03,-31.2500000E-03
+73.6000E-06,-156.2500000E-03,-0.0E+00
+73.8000E-06,-156.2500000E-03,-62.5000000E-03
+74.0000E-06,-156.2500000E-03,-31.2500000E-03
+74.2000E-06,-156.2500000E-03,-0.0E+00
+74.4000E-06,-156.2500000E-03,-31.2500000E-03
+74.6000E-06,-156.2500000E-03,-31.2500000E-03
+74.8000E-06,-125.0000000E-03,-31.2500000E-03
+75.0000E-06,-125.0000000E-03,-31.2500000E-03
+75.2000E-06,-156.2500000E-03,-31.2500000E-03
+75.4000E-06,-156.2500000E-03,-0.0E+00
+75.6000E-06,-156.2500000E-03,-31.2500000E-03
+75.8000E-06,-156.2500000E-03,-31.2500000E-03
+76.0000E-06,-125.0000000E-03,-31.2500000E-03
+76.2000E-06,-156.2500000E-03,-31.2500000E-03
+76.4000E-06,-156.2500000E-03,+0.0E+00
+76.6000E-06,-156.2500000E-03,-0.0E+00
+76.8000E-06,-156.2500000E-03,-31.2500000E-03
+77.0000E-06,-156.2500000E-03,-31.2500000E-03
+77.2000E-06,-156.2500000E-03,-31.2500000E-03
+77.4000E-06,-156.2500000E-03,-31.2500000E-03
+77.6000E-06,-156.2500000E-03,-31.2500000E-03
+77.8000E-06,-125.0000000E-03,-0.0E+00
+78.0000E-06,-156.2500000E-03,-31.2500000E-03
+78.2000E-06,-156.2500000E-03,-31.2500000E-03
+78.4000E-06,-125.0000000E-03,-31.2500000E-03
+78.6000E-06,-125.0000000E-03,+0.0E+00
+78.8000E-06,-156.2500000E-03,+0.0E+00
+79.0000E-06,-156.2500000E-03,-0.0E+00
+79.2000E-06,-125.0000000E-03,-31.2500000E-03
+79.4000E-06,-156.2500000E-03,-62.5000000E-03
+79.6000E-06,-125.0000000E-03,+1.9375000000E+00
+79.8000E-06,-125.0000000E-03,+1.8750000000E+00
+80.0000E-06,-125.0000000E-03,+1.8437500000E+00
+80.2000E-06,-156.2500000E-03,+1.8437500000E+00
+80.4000E-06,-125.0000000E-03,+1.8437500000E+00
+80.6000E-06,-125.0000000E-03,+1.8125000000E+00
+80.8000E-06,-125.0000000E-03,+1.8125000000E+00
+81.0000E-06,-156.2500000E-03,+1.8437500000E+00
+81.2000E-06,-125.0000000E-03,+1.8125000000E+00
+81.4000E-06,-156.2500000E-03,+1.8125000000E+00
+81.6000E-06,+1.8750000000E+00,+1.8750000000E+00
+81.8000E-06,+1.8750000000E+00,+1.8125000000E+00
+82.0000E-06,+1.8750000000E+00,+1.8125000000E+00
+82.2000E-06,+1.8437500000E+00,+1.8437500000E+00
+82.4000E-06,+1.8125000000E+00,+1.8125000000E+00
+82.6000E-06,+1.8125000000E+00,+1.8125000000E+00
+82.8000E-06,+1.8750000000E+00,+1.8125000000E+00
+83.0000E-06,+1.8750000000E+00,+1.8125000000E+00
+83.2000E-06,+1.8125000000E+00,+1.8437500000E+00
+83.4000E-06,+1.8125000000E+00,+1.8437500000E+00
+83.6000E-06,+1.8437500000E+00,+1.8125000000E+00
+83.8000E-06,+1.8750000000E+00,+1.8125000000E+00
+84.0000E-06,+1.8125000000E+00,+1.8125000000E+00
+84.2000E-06,+1.8750000000E+00,+1.8125000000E+00
+84.4000E-06,+1.8750000000E+00,+1.8437500000E+00
+84.6000E-06,+1.8750000000E+00,+1.8437500000E+00
+84.8000E-06,+1.8437500000E+00,+1.8437500000E+00
+85.0000E-06,+1.8437500000E+00,+1.8125000000E+00
+85.2000E-06,+1.8750000000E+00,+1.8125000000E+00
+85.4000E-06,+1.8750000000E+00,+1.8125000000E+00
+85.6000E-06,+1.8437500000E+00,+1.8437500000E+00
+85.8000E-06,+1.8437500000E+00,+1.8437500000E+00
+86.0000E-06,+1.8437500000E+00,+1.8125000000E+00
+86.2000E-06,+1.8437500000E+00,+1.8125000000E+00
+86.4000E-06,+1.8750000000E+00,+1.8125000000E+00
+86.6000E-06,+1.8750000000E+00,+1.8125000000E+00
+86.8000E-06,+1.8437500000E+00,+1.8437500000E+00
+87.0000E-06,+1.8437500000E+00,+1.8437500000E+00
+87.2000E-06,+1.8125000000E+00,+1.8125000000E+00
+87.4000E-06,+1.8437500000E+00,+1.8125000000E+00
+87.6000E-06,+1.8437500000E+00,+1.8125000000E+00
+87.8000E-06,+1.8125000000E+00,+1.8437500000E+00
+88.0000E-06,+1.8750000000E+00,+1.8437500000E+00
+88.2000E-06,+1.8437500000E+00,+1.8125000000E+00
+88.4000E-06,+1.8750000000E+00,+1.8437500000E+00
+88.6000E-06,+1.8125000000E+00,+1.8125000000E+00
+88.8000E-06,+1.8750000000E+00,+1.8437500000E+00
+89.0000E-06,+1.8750000000E+00,+1.8750000000E+00
+89.2000E-06,+1.8437500000E+00,+1.8437500000E+00
+89.4000E-06,+1.8750000000E+00,+1.8750000000E+00
+89.6000E-06,+1.8437500000E+00,+1.8125000000E+00
+89.8000E-06,+1.8750000000E+00,+1.8125000000E+00
+90.0000E-06,+1.8437500000E+00,+1.8437500000E+00
+90.2000E-06,+1.8437500000E+00,+1.8750000000E+00
+90.4000E-06,+1.8750000000E+00,+1.8437500000E+00
+90.6000E-06,+1.8750000000E+00,+1.8437500000E+00
+90.8000E-06,+1.8750000000E+00,+1.8125000000E+00
+91.0000E-06,+1.8437500000E+00,+1.8125000000E+00
+91.2000E-06,+1.8750000000E+00,+1.8125000000E+00
+91.4000E-06,+1.8437500000E+00,+1.8437500000E+00
+91.6000E-06,-156.2500000E-03,-93.7500000E-03
+91.8000E-06,-125.0000000E-03,-31.2500000E-03
+92.0000E-06,-125.0000000E-03,-31.2500000E-03
+92.2000E-06,-187.5000000E-03,-31.2500000E-03
+92.4000E-06,-156.2500000E-03,-0.0E+00
+92.6000E-06,-156.2500000E-03,-31.2500000E-03
+92.8000E-06,-156.2500000E-03,-31.2500000E-03
+93.0000E-06,-125.0000000E-03,-31.2500000E-03
+93.2000E-06,-156.2500000E-03,-31.2500000E-03
+93.4000E-06,-156.2500000E-03,-31.2500000E-03
+93.6000E-06,-125.0000000E-03,-62.5000000E-03
+93.8000E-06,-156.2500000E-03,-31.2500000E-03
+94.0000E-06,-125.0000000E-03,-31.2500000E-03
+94.2000E-06,-125.0000000E-03,-31.2500000E-03
+94.4000E-06,-125.0000000E-03,-31.2500000E-03
+94.6000E-06,-125.0000000E-03,-31.2500000E-03
+94.8000E-06,-125.0000000E-03,-31.2500000E-03
+95.0000E-06,-125.0000000E-03,-62.5000000E-03
+95.2000E-06,-125.0000000E-03,-31.2500000E-03
+95.4000E-06,-156.2500000E-03,-0.0E+00
+95.6000E-06,-156.2500000E-03,-31.2500000E-03
+95.8000E-06,-125.0000000E-03,-31.2500000E-03
+96.0000E-06,-156.2500000E-03,-31.2500000E-03
+96.2000E-06,-156.2500000E-03,-31.2500000E-03
+96.4000E-06,-125.0000000E-03,-62.5000000E-03
+96.6000E-06,-125.0000000E-03,-31.2500000E-03
+96.8000E-06,-125.0000000E-03,-31.2500000E-03
+97.0000E-06,-156.2500000E-03,-31.2500000E-03
+97.2000E-06,-125.0000000E-03,-31.2500000E-03
+97.4000E-06,-125.0000000E-03,-31.2500000E-03
+97.6000E-06,-93.7500000E-03,-31.2500000E-03
+97.8000E-06,-156.2500000E-03,-31.2500000E-03
+98.0000E-06,-125.0000000E-03,-31.2500000E-03
+98.2000E-06,-125.0000000E-03,-31.2500000E-03
+98.4000E-06,-125.0000000E-03,-31.2500000E-03
+98.6000E-06,-156.2500000E-03,+0.0E+00
+98.8000E-06,-125.0000000E-03,-0.0E+00
+99.0000E-06,-156.2500000E-03,-62.5000000E-03
+99.2000E-06,-125.0000000E-03,-31.2500000E-03
+99.4000E-06,-125.0000000E-03,-62.5000000E-03
+99.6000E-06,-125.0000000E-03,-31.2500000E-03
+99.8000E-06,-125.0000000E-03,+0.0E+00
+100.0000E-06,-125.0000000E-03,-0.0E+00
+100.2000E-06,-125.0000000E-03,-62.5000000E-03
+100.4000E-06,-125.0000000E-03,-0.0E+00
+100.6000E-06,-125.0000000E-03,-31.2500000E-03
+100.8000E-06,-156.2500000E-03,-31.2500000E-03
+101.0000E-06,-125.0000000E-03,-62.5000000E-03
+101.2000E-06,-125.0000000E-03,-62.5000000E-03
+101.4000E-06,-125.0000000E-03,-31.2500000E-03
+101.6000E-06,+1.9062500000E+00,-0.0E+00
+101.8000E-06,+1.8750000000E+00,-31.2500000E-03
+102.0000E-06,+1.9062500000E+00,-0.0E+00
+102.2000E-06,+1.8750000000E+00,-31.2500000E-03
+102.4000E-06,+1.8750000000E+00,-31.2500000E-03
+102.6000E-06,+1.8750000000E+00,+0.0E+00
+102.8000E-06,+1.8750000000E+00,-0.0E+00
+103.0000E-06,+1.8750000000E+00,-31.2500000E-03
+103.2000E-06,+1.8750000000E+00,+31.2500000E-03
+103.4000E-06,+1.8750000000E+00,-62.5000000E-03
+103.6000E-06,+1.8437500000E+00,-31.2500000E-03
+103.8000E-06,+1.8750000000E+00,+0.0E+00
+104.0000E-06,+1.8437500000E+00,-0.0E+00
+104.2000E-06,+1.8750000000E+00,-31.2500000E-03
+104.4000E-06,+1.8750000000E+00,+0.0E+00
+104.6000E-06,+1.8437500000E+00,+0.0E+00
+104.8000E-06,+1.8437500000E+00,-0.0E+00
+105.0000E-06,+1.8750000000E+00,-31.2500000E-03
+105.2000E-06,+1.8437500000E+00,+0.0E+00
+105.4000E-06,+1.8750000000E+00,-0.0E+00
+105.6000E-06,+1.8437500000E+00,-31.2500000E-03
+105.8000E-06,+1.8750000000E+00,-62.5000000E-03
+106.0000E-06,+1.8750000000E+00,+0.0E+00
+106.2000E-06,+1.8437500000E+00,+0.0E+00
+106.4000E-06,+1.8750000000E+00,-0.0E+00
+106.6000E-06,+1.8750000000E+00,-31.2500000E-03
+106.8000E-06,+1.9062500000E+00,-31.2500000E-03
+107.0000E-06,+1.8750000000E+00,-31.2500000E-03
+107.2000E-06,+1.8750000000E+00,-31.2500000E-03
+107.4000E-06,+1.8437500000E+00,-31.2500000E-03
+107.6000E-06,+1.8750000000E+00,+1.9062500000E+00
+107.8000E-06,+1.8750000000E+00,+1.8750000000E+00
+108.0000E-06,+1.8437500000E+00,+1.8437500000E+00
+108.2000E-06,+1.8750000000E+00,+1.8125000000E+00
+108.4000E-06,+1.8750000000E+00,+1.8437500000E+00
+108.6000E-06,+1.8125000000E+00,+1.8437500000E+00
+108.8000E-06,+1.8750000000E+00,+1.8125000000E+00
+109.0000E-06,+1.8437500000E+00,+1.8437500000E+00
+109.2000E-06,+1.8750000000E+00,+1.8750000000E+00
+109.4000E-06,+1.8437500000E+00,+1.8750000000E+00
+109.6000E-06,+1.8437500000E+00,+1.8125000000E+00
+109.8000E-06,+1.8750000000E+00,+1.8437500000E+00
+110.0000E-06,+1.8437500000E+00,+1.8437500000E+00
+110.2000E-06,+1.8437500000E+00,+1.8437500000E+00
+110.4000E-06,+1.8750000000E+00,+1.8437500000E+00
+110.6000E-06,+1.8750000000E+00,+1.8125000000E+00
+110.8000E-06,+1.8125000000E+00,+1.8437500000E+00
+111.0000E-06,+1.8750000000E+00,+1.8125000000E+00
+111.2000E-06,+1.8125000000E+00,+1.8437500000E+00
+111.4000E-06,+1.8437500000E+00,+1.8125000000E+00
+111.6000E-06,-218.7500000E-03,+1.8125000000E+00
+111.8000E-06,-156.2500000E-03,+1.8125000000E+00
+112.0000E-06,-156.2500000E-03,+1.8125000000E+00
+112.2000E-06,-187.5000000E-03,+1.7812500000E+00
+112.4000E-06,-125.0000000E-03,+1.8750000000E+00
+112.6000E-06,-156.2500000E-03,+1.8750000000E+00
+112.8000E-06,-125.0000000E-03,+1.8125000000E+00
+113.0000E-06,-125.0000000E-03,+1.8125000000E+00
+113.2000E-06,-125.0000000E-03,+1.8125000000E+00
+113.4000E-06,-125.0000000E-03,+1.8437500000E+00
+113.6000E-06,-125.0000000E-03,+1.8437500000E+00
+113.8000E-06,-125.0000000E-03,+1.8125000000E+00
+114.0000E-06,-125.0000000E-03,+1.8125000000E+00
+114.2000E-06,-156.2500000E-03,+1.8125000000E+00
+114.4000E-06,-125.0000000E-03,+1.8437500000E+00
+114.6000E-06,-156.2500000E-03,+1.8437500000E+00
+114.8000E-06,-125.0000000E-03,+1.8125000000E+00
+115.0000E-06,-156.2500000E-03,+1.8125000000E+00
+115.2000E-06,-93.7500000E-03,+1.8125000000E+00
+115.4000E-06,-93.7500000E-03,+1.8125000000E+00
+115.6000E-06,-125.0000000E-03,+1.8437500000E+00
+115.8000E-06,-125.0000000E-03,+1.8437500000E+00
+116.0000E-06,-125.0000000E-03,+1.8125000000E+00
+116.2000E-06,-125.0000000E-03,+1.8125000000E+00
+116.4000E-06,-125.0000000E-03,+1.8125000000E+00
+116.6000E-06,-125.0000000E-03,+1.8437500000E+00
+116.8000E-06,-125.0000000E-03,+1.8437500000E+00
+117.0000E-06,-125.0000000E-03,+1.8437500000E+00
+117.2000E-06,-156.2500000E-03,+1.8125000000E+00
+117.4000E-06,-156.2500000E-03,+1.8125000000E+00
+117.6000E-06,-125.0000000E-03,+1.8125000000E+00
+117.8000E-06,-125.0000000E-03,+1.8125000000E+00
+118.0000E-06,-156.2500000E-03,+1.8437500000E+00
+118.2000E-06,-125.0000000E-03,+1.8125000000E+00
+118.4000E-06,-125.0000000E-03,+1.8437500000E+00
+118.6000E-06,-125.0000000E-03,+1.8125000000E+00
+118.8000E-06,-125.0000000E-03,+1.8125000000E+00
+119.0000E-06,-93.7500000E-03,+1.8437500000E+00
+119.2000E-06,-93.7500000E-03,+1.8125000000E+00
+119.4000E-06,-125.0000000E-03,+1.8437500000E+00
+119.6000E-06,-125.0000000E-03,-125.0000000E-03
+119.8000E-06,-125.0000000E-03,-93.7500000E-03
+120.0000E-06,-125.0000000E-03,-62.5000000E-03
+120.2000E-06,-125.0000000E-03,-0.0E+00
+120.4000E-06,-125.0000000E-03,-31.2500000E-03
+120.6000E-06,-93.7500000E-03,-31.2500000E-03
+120.8000E-06,-93.7500000E-03,-62.5000000E-03
+121.0000E-06,-125.0000000E-03,-31.2500000E-03
+121.2000E-06,-125.0000000E-03,-31.2500000E-03
+121.4000E-06,-125.0000000E-03,-31.2500000E-03
+121.6000E-06,+1.9062500000E+00,-31.2500000E-03
+121.8000E-06,+1.8750000000E+00,-31.2500000E-03
+122.0000E-06,+1.8750000000E+00,-0.0E+00
+122.2000E-06,+1.8750000000E+00,-62.5000000E-03
+122.4000E-06,+1.8750000000E+00,-31.2500000E-03
+122.6000E-06,+1.8750000000E+00,-31.2500000E-03
+122.8000E-06,+1.8750000000E+00,-62.5000000E-03
+123.0000E-06,+1.8750000000E+00,-31.2500000E-03
+123.2000E-06,+1.9062500000E+00,-0.0E+00
+123.4000E-06,+1.9062500000E+00,-31.2500000E-03
+123.6000E-06,+1.8750000000E+00,-0.0E+00
+123.8000E-06,+1.8750000000E+00,-62.5000000E-03
+124.0000E-06,+1.8750000000E+00,-31.2500000E-03
+124.2000E-06,+1.8750000000E+00,-31.2500000E-03
+124.4000E-06,+1.8750000000E+00,-31.2500000E-03
+124.6000E-06,+1.8750000000E+00,-0.0E+00
+124.8000E-06,+1.8750000000E+00,-31.2500000E-03
+125.0000E-06,+1.8750000000E+00,-31.2500000E-03
+125.2000E-06,+1.8750000000E+00,-62.5000000E-03
+125.4000E-06,+1.8750000000E+00,-31.2500000E-03
+125.6000E-06,+1.8750000000E+00,-31.2500000E-03
+125.8000E-06,+1.8750000000E+00,-31.2500000E-03
+126.0000E-06,+1.8750000000E+00,-31.2500000E-03
+126.2000E-06,+1.8750000000E+00,-31.2500000E-03
+126.4000E-06,+1.8750000000E+00,-31.2500000E-03
+126.6000E-06,+1.8750000000E+00,-31.2500000E-03
+126.8000E-06,+1.8750000000E+00,-31.2500000E-03
+127.0000E-06,+1.8750000000E+00,-0.0E+00
+127.2000E-06,+1.8750000000E+00,-31.2500000E-03
+127.4000E-06,+1.8750000000E+00,-31.2500000E-03
+127.6000E-06,+1.8750000000E+00,-31.2500000E-03
+127.8000E-06,+1.9062500000E+00,-62.5000000E-03
+128.0000E-06,+1.8750000000E+00,-0.0E+00
+128.2000E-06,+1.8750000000E+00,-31.2500000E-03
+128.4000E-06,+1.8750000000E+00,-31.2500000E-03
+128.6000E-06,+1.8750000000E+00,-31.2500000E-03
+128.8000E-06,+1.8437500000E+00,-0.0E+00
+129.0000E-06,+1.8750000000E+00,-31.2500000E-03
+129.2000E-06,+1.8750000000E+00,-0.0E+00
+129.4000E-06,+1.8750000000E+00,-31.2500000E-03
+129.6000E-06,+1.8437500000E+00,-0.0E+00
+129.8000E-06,+1.8750000000E+00,-31.2500000E-03
+130.0000E-06,+1.8750000000E+00,+0.0E+00
+130.2000E-06,+1.8437500000E+00,-0.0E+00
+130.4000E-06,+1.8750000000E+00,-31.2500000E-03
+130.6000E-06,+1.8750000000E+00,-31.2500000E-03
+130.8000E-06,+1.8750000000E+00,-31.2500000E-03
+131.0000E-06,+1.8750000000E+00,+0.0E+00
+131.2000E-06,+1.8437500000E+00,+0.0E+00
+131.4000E-06,+1.9062500000E+00,+0.0E+00
+131.6000E-06,-156.2500000E-03,+1.8750000000E+00
+131.8000E-06,-125.0000000E-03,+1.8750000000E+00
+132.0000E-06,-125.0000000E-03,+1.8437500000E+00
+132.2000E-06,-125.0000000E-03,+1.8437500000E+00
+132.4000E-06,-156.2500000E-03,+1.8437500000E+00
+132.6000E-06,-156.2500000E-03,+1.8437500000E+00
+132.8000E-06,-156.2500000E-03,+1.8437500000E+00
+133.0000E-06,-125.0000000E-03,+1.8125000000E+00
+133.2000E-06,-125.0000000E-03,+1.8125000000E+00
+133.4000E-06,-125.0000000E-03,+1.8437500000E+00
+133.6000E-06,-156.2500000E-03,+1.8750000000E+00
+133.8000E-06,-93.7500000E-03,+1.8125000000E+00
+134.0000E-06,-125.0000000E-03,+1.8125000000E+00
+134.2000E-06,-125.0000000E-03,+1.8437500000E+00
+134.4000E-06,-156.2500000E-03,+1.8437500000E+00
+134.6000E-06,-125.0000000E-03,+1.8437500000E+00
+134.8000E-06,-93.7500000E-03,+1.8437500000E+00
+135.0000E-06,-156.2500000E-03,+1.8437500000E+00
+135.2000E-06,-125.0000000E-03,+1.8437500000E+00
+135.4000E-06,-125.0000000E-03,+1.8437500000E+00
+135.6000E-06,-125.0000000E-03,+1.8437500000E+00
+135.8000E-06,-156.2500000E-03,+1.8125000000E+00
+136.0000E-06,-125.0000000E-03,+1.8437500000E+00
+136.2000E-06,-156.2500000E-03,+1.8125000000E+00
+136.4000E-06,-125.0000000E-03,+1.8125000000E+00
+136.6000E-06,-125.0000000E-03,+1.8125000000E+00
+136.8000E-06,-125.0000000E-03,+1.8437500000E+00
+137.0000E-06,-125.0000000E-03,+1.8125000000E+00
+137.2000E-06,-156.2500000E-03,+1.8437500000E+00
+137.4000E-06,-125.0000000E-03,+1.8437500000E+00
+137.6000E-06,-125.0000000E-03,+1.8125000000E+00
+137.8000E-06,-125.0000000E-03,+1.8437500000E+00
+138.0000E-06,-125.0000000E-03,+1.8437500000E+00
+138.2000E-06,-156.2500000E-03,+1.8437500000E+00
+138.4000E-06,-93.7500000E-03,+1.7812500000E+00
+138.6000E-06,-156.2500000E-03,+1.8125000000E+00
+138.8000E-06,-125.0000000E-03,+1.8750000000E+00
+139.0000E-06,-125.0000000E-03,+1.8437500000E+00
+139.2000E-06,-93.7500000E-03,+1.8437500000E+00
+139.4000E-06,-125.0000000E-03,+1.8437500000E+00
+139.6000E-06,-125.0000000E-03,+1.8125000000E+00
+139.8000E-06,-93.7500000E-03,+1.8125000000E+00
+140.0000E-06,-93.7500000E-03,+1.8750000000E+00
+140.2000E-06,-125.0000000E-03,+1.8437500000E+00
+140.4000E-06,-93.7500000E-03,+1.8750000000E+00
+140.6000E-06,-125.0000000E-03,+1.8125000000E+00
+140.8000E-06,-125.0000000E-03,+1.8125000000E+00
+141.0000E-06,-93.7500000E-03,+1.8437500000E+00
+141.2000E-06,-125.0000000E-03,+1.8437500000E+00
+141.4000E-06,-93.7500000E-03,+1.8125000000E+00
+141.6000E-06,+1.9062500000E+00,+1.8437500000E+00
+141.8000E-06,+1.9062500000E+00,+1.8125000000E+00
+142.0000E-06,+1.8750000000E+00,+1.8125000000E+00
+142.2000E-06,+1.8750000000E+00,+1.8125000000E+00
+142.4000E-06,+1.8750000000E+00,+1.8437500000E+00
+142.6000E-06,+1.8750000000E+00,+1.8125000000E+00
+142.8000E-06,+1.8750000000E+00,+1.8125000000E+00
+143.0000E-06,+1.8750000000E+00,+1.8125000000E+00
+143.2000E-06,+1.8750000000E+00,+1.8437500000E+00
+143.4000E-06,+1.8750000000E+00,+1.8125000000E+00
+143.6000E-06,+1.8750000000E+00,+1.8125000000E+00
+143.8000E-06,+1.8437500000E+00,+1.8125000000E+00
+144.0000E-06,+1.8750000000E+00,+1.8125000000E+00
+144.2000E-06,+1.8437500000E+00,+1.8125000000E+00
+144.4000E-06,+1.8750000000E+00,+1.8437500000E+00
+144.6000E-06,+1.8750000000E+00,+1.8125000000E+00
+144.8000E-06,+1.8750000000E+00,+1.8125000000E+00
+145.0000E-06,+1.8125000000E+00,+1.8437500000E+00
+145.2000E-06,+1.8750000000E+00,+1.8125000000E+00
+145.4000E-06,+1.8750000000E+00,+1.8125000000E+00
+145.6000E-06,+1.8750000000E+00,+1.8437500000E+00
+145.8000E-06,+1.8437500000E+00,+1.8125000000E+00
+146.0000E-06,+1.8750000000E+00,+1.8125000000E+00
+146.2000E-06,+1.8437500000E+00,+1.8125000000E+00
+146.4000E-06,+1.8750000000E+00,+1.8125000000E+00
+146.6000E-06,+1.8437500000E+00,+1.8125000000E+00
+146.8000E-06,+1.8437500000E+00,+1.8437500000E+00
+147.0000E-06,+1.8750000000E+00,+1.8125000000E+00
+147.2000E-06,+1.8750000000E+00,+1.8125000000E+00
+147.4000E-06,+1.8750000000E+00,+1.8125000000E+00
+147.6000E-06,+1.8750000000E+00,-0.0E+00
+147.8000E-06,+1.8750000000E+00,-93.7500000E-03
+148.0000E-06,+1.8750000000E+00,-31.2500000E-03
+148.2000E-06,+1.8750000000E+00,-31.2500000E-03
+148.4000E-06,+1.8750000000E+00,-31.2500000E-03
+148.6000E-06,+1.8437500000E+00,-31.2500000E-03
+148.8000E-06,+1.8750000000E+00,-62.5000000E-03
+149.0000E-06,+1.8437500000E+00,-31.2500000E-03
+149.2000E-06,+1.8750000000E+00,-31.2500000E-03
+149.4000E-06,+1.8750000000E+00,-31.2500000E-03
+149.6000E-06,+1.8437500000E+00,-31.2500000E-03
+149.8000E-06,+1.8437500000E+00,-62.5000000E-03
+150.0000E-06,+1.8750000000E+00,-31.2500000E-03
+150.2000E-06,+1.8437500000E+00,-31.2500000E-03
+150.4000E-06,+1.8125000000E+00,-31.2500000E-03
+150.6000E-06,+1.8750000000E+00,-31.2500000E-03
+150.8000E-06,+1.8437500000E+00,-31.2500000E-03
+151.0000E-06,+1.8437500000E+00,-62.5000000E-03
+151.2000E-06,+1.8437500000E+00,-31.2500000E-03
+151.4000E-06,+1.8750000000E+00,-0.0E+00
+151.6000E-06,-156.2500000E-03,-62.5000000E-03
+151.8000E-06,-156.2500000E-03,-31.2500000E-03
+152.0000E-06,-156.2500000E-03,-31.2500000E-03
+152.2000E-06,-125.0000000E-03,-31.2500000E-03
+152.4000E-06,-125.0000000E-03,-62.5000000E-03
+152.6000E-06,-156.2500000E-03,-31.2500000E-03
+152.8000E-06,-156.2500000E-03,-0.0E+00
+153.0000E-06,-125.0000000E-03,-31.2500000E-03
+153.2000E-06,-125.0000000E-03,-31.2500000E-03
+153.4000E-06,-156.2500000E-03,-62.5000000E-03
+153.6000E-06,-125.0000000E-03,-31.2500000E-03
+153.8000E-06,-156.2500000E-03,+0.0E+00
+154.0000E-06,-156.2500000E-03,+0.0E+00
+154.2000E-06,-156.2500000E-03,-0.0E+00
+154.4000E-06,-93.7500000E-03,-31.2500000E-03
+154.6000E-06,-125.0000000E-03,-31.2500000E-03
+154.8000E-06,-125.0000000E-03,-31.2500000E-03
+155.0000E-06,-125.0000000E-03,-62.5000000E-03
+155.2000E-06,-125.0000000E-03,-0.0E+00
+155.4000E-06,-125.0000000E-03,-31.2500000E-03
+155.6000E-06,-156.2500000E-03,-31.2500000E-03
+155.8000E-06,-125.0000000E-03,-31.2500000E-03
+156.0000E-06,-156.2500000E-03,-31.2500000E-03
+156.2000E-06,-125.0000000E-03,-31.2500000E-03
+156.4000E-06,-93.7500000E-03,-31.2500000E-03
+156.6000E-06,-125.0000000E-03,-31.2500000E-03
+156.8000E-06,-125.0000000E-03,-31.2500000E-03
+157.0000E-06,-125.0000000E-03,-31.2500000E-03
+157.2000E-06,-125.0000000E-03,-62.5000000E-03
+157.4000E-06,-93.7500000E-03,-31.2500000E-03
+157.6000E-06,-125.0000000E-03,+31.2500000E-03
+157.8000E-06,-125.0000000E-03,-62.5000000E-03
+158.0000E-06,-125.0000000E-03,-62.5000000E-03
+158.2000E-06,-125.0000000E-03,-0.0E+00
+158.4000E-06,-125.0000000E-03,-31.2500000E-03
+158.6000E-06,-125.0000000E-03,-0.0E+00
+158.8000E-06,-93.7500000E-03,-31.2500000E-03
+159.0000E-06,-125.0000000E-03,-62.5000000E-03
+159.2000E-06,-156.2500000E-03,-62.5000000E-03
+159.4000E-06,-156.2500000E-03,+0.0E+00
+159.6000E-06,-125.0000000E-03,+1.7812500000E+00
+159.8000E-06,-93.7500000E-03,+1.8437500000E+00
+160.0000E-06,-125.0000000E-03,+1.8125000000E+00
+160.2000E-06,-125.0000000E-03,+1.8437500000E+00
+160.4000E-06,-125.0000000E-03,+1.8437500000E+00
+160.6000E-06,-125.0000000E-03,+1.8437500000E+00
+160.8000E-06,-125.0000000E-03,+1.8437500000E+00
+161.0000E-06,-93.7500000E-03,+1.8437500000E+00
+161.2000E-06,-93.7500000E-03,+1.8437500000E+00
+161.4000E-06,-93.7500000E-03,+1.8437500000E+00
+161.6000E-06,+1.9062500000E+00,+1.9062500000E+00
+161.8000E-06,+1.9062500000E+00,+1.8437500000E+00
+162.0000E-06,+1.8750000000E+00,+1.8125000000E+00
+162.2000E-06,+1.9062500000E+00,+1.8437500000E+00
+162.4000E-06,+1.8750000000E+00,+1.8437500000E+00
+162.6000E-06,+1.9062500000E+00,+1.8437500000E+00
+162.8000E-06,+1.9062500000E+00,+1.8125000000E+00
+163.0000E-06,+1.8750000000E+00,+1.8125000000E+00
+163.2000E-06,+1.8750000000E+00,+1.8437500000E+00
+163.4000E-06,+1.8750000000E+00,+1.8437500000E+00
+163.6000E-06,+1.9062500000E+00,+1.8437500000E+00
+163.8000E-06,+1.8750000000E+00,+1.8125000000E+00
+164.0000E-06,+1.8750000000E+00,+1.8125000000E+00
+164.2000E-06,+1.8437500000E+00,+1.8125000000E+00
+164.4000E-06,+1.8750000000E+00,+1.8437500000E+00
+164.6000E-06,+1.8750000000E+00,+1.8437500000E+00
+164.8000E-06,+1.8750000000E+00,+1.8437500000E+00
+165.0000E-06,+1.8750000000E+00,+1.8437500000E+00
+165.2000E-06,+1.8750000000E+00,+1.8437500000E+00
+165.4000E-06,+1.8750000000E+00,+1.8437500000E+00
+165.6000E-06,+1.8750000000E+00,+1.8750000000E+00
+165.8000E-06,+1.8750000000E+00,+1.8437500000E+00
+166.0000E-06,+1.8750000000E+00,+1.8125000000E+00
+166.2000E-06,+1.8750000000E+00,+1.8437500000E+00
+166.4000E-06,+1.8750000000E+00,+1.8437500000E+00
+166.6000E-06,+1.9062500000E+00,+1.8437500000E+00
+166.8000E-06,+1.9062500000E+00,+1.8437500000E+00
+167.0000E-06,+1.8750000000E+00,+1.8437500000E+00
+167.2000E-06,+1.8437500000E+00,+1.8437500000E+00
+167.4000E-06,+1.8750000000E+00,+1.8125000000E+00
+167.6000E-06,+1.8750000000E+00,+1.8437500000E+00
+167.8000E-06,+1.8750000000E+00,+1.8437500000E+00
+168.0000E-06,+1.8750000000E+00,+1.8437500000E+00
+168.2000E-06,+1.8750000000E+00,+1.8125000000E+00
+168.4000E-06,+1.8437500000E+00,+1.8437500000E+00
+168.6000E-06,+1.8750000000E+00,+1.8437500000E+00
+168.8000E-06,+1.8750000000E+00,+1.8437500000E+00
+169.0000E-06,+1.8750000000E+00,+1.8437500000E+00
+169.2000E-06,+1.8750000000E+00,+1.8437500000E+00
+169.4000E-06,+1.8750000000E+00,+1.8750000000E+00
+169.6000E-06,+1.8437500000E+00,+1.8437500000E+00
+169.8000E-06,+1.8750000000E+00,+1.8437500000E+00
+170.0000E-06,+1.8750000000E+00,+1.8437500000E+00
+170.2000E-06,+1.8750000000E+00,+1.8437500000E+00
+170.4000E-06,+1.8750000000E+00,+1.8437500000E+00
+170.6000E-06,+1.8750000000E+00,+1.8125000000E+00
+170.8000E-06,+1.8437500000E+00,+1.8437500000E+00
+171.0000E-06,+1.8750000000E+00,+1.8750000000E+00
+171.2000E-06,+1.8750000000E+00,+1.8437500000E+00
+171.4000E-06,+1.8750000000E+00,+1.8125000000E+00
+171.6000E-06,-156.2500000E-03,-0.0E+00
+171.8000E-06,-156.2500000E-03,-31.2500000E-03
+172.0000E-06,-156.2500000E-03,-31.2500000E-03
+172.2000E-06,-125.0000000E-03,-31.2500000E-03
+172.4000E-06,-125.0000000E-03,-31.2500000E-03
+172.6000E-06,-156.2500000E-03,-62.5000000E-03
+172.8000E-06,-125.0000000E-03,-62.5000000E-03
+173.0000E-06,-125.0000000E-03,-62.5000000E-03
+173.2000E-06,-156.2500000E-03,-62.5000000E-03
+173.4000E-06,-125.0000000E-03,-31.2500000E-03
+173.6000E-06,-156.2500000E-03,-31.2500000E-03
+173.8000E-06,-93.7500000E-03,-31.2500000E-03
+174.0000E-06,-156.2500000E-03,-31.2500000E-03
+174.2000E-06,-156.2500000E-03,-31.2500000E-03
+174.4000E-06,-125.0000000E-03,-62.5000000E-03
+174.6000E-06,-125.0000000E-03,-31.2500000E-03
+174.8000E-06,-125.0000000E-03,-31.2500000E-03
+175.0000E-06,-125.0000000E-03,-31.2500000E-03
+175.2000E-06,-125.0000000E-03,-0.0E+00
+175.4000E-06,-125.0000000E-03,-31.2500000E-03
+175.6000E-06,-156.2500000E-03,-31.2500000E-03
+175.8000E-06,-125.0000000E-03,-31.2500000E-03
+176.0000E-06,-125.0000000E-03,-62.5000000E-03
+176.2000E-06,-93.7500000E-03,-31.2500000E-03
+176.4000E-06,-125.0000000E-03,-31.2500000E-03
+176.6000E-06,-125.0000000E-03,-0.0E+00
+176.8000E-06,-125.0000000E-03,-31.2500000E-03
+177.0000E-06,-125.0000000E-03,-62.5000000E-03
+177.2000E-06,-125.0000000E-03,+0.0E+00
+177.4000E-06,-125.0000000E-03,+0.0E+00
+177.6000E-06,-93.7500000E-03,-0.0E+00
+177.8000E-06,-93.7500000E-03,-31.2500000E-03
+178.0000E-06,-125.0000000E-03,-0.0E+00
+178.2000E-06,-125.0000000E-03,-62.5000000E-03
+178.4000E-06,-125.0000000E-03,-31.2500000E-03
+178.6000E-06,-125.0000000E-03,-0.0E+00
+178.8000E-06,-125.0000000E-03,-31.2500000E-03
+179.0000E-06,-125.0000000E-03,-31.2500000E-03
+179.2000E-06,-125.0000000E-03,-31.2500000E-03
+179.4000E-06,-93.7500000E-03,-62.5000000E-03
+179.6000E-06,-93.7500000E-03,+0.0E+00
+179.8000E-06,-125.0000000E-03,-0.0E+00
+180.0000E-06,-125.0000000E-03,-31.2500000E-03
+180.2000E-06,-125.0000000E-03,-31.2500000E-03
+180.4000E-06,-93.7500000E-03,-31.2500000E-03
+180.6000E-06,-93.7500000E-03,-31.2500000E-03
+180.8000E-06,-125.0000000E-03,-31.2500000E-03
+181.0000E-06,-93.7500000E-03,-0.0E+00
+181.2000E-06,-125.0000000E-03,-31.2500000E-03
+181.4000E-06,-125.0000000E-03,-62.5000000E-03
+181.6000E-06,+1.9375000000E+00,+0.0E+00
+181.8000E-06,+1.8750000000E+00,+0.0E+00
+182.0000E-06,+1.8750000000E+00,+0.0E+00
+182.2000E-06,+1.8750000000E+00,-0.0E+00
+182.4000E-06,+1.9062500000E+00,-31.2500000E-03
+182.6000E-06,+1.8750000000E+00,-0.0E+00
+182.8000E-06,+1.8437500000E+00,-31.2500000E-03
+183.0000E-06,+1.8750000000E+00,+0.0E+00
+183.2000E-06,+1.9062500000E+00,+0.0E+00
+183.4000E-06,+1.9062500000E+00,-0.0E+00
+183.6000E-06,+1.8750000000E+00,-31.2500000E-03
+183.8000E-06,+1.9062500000E+00,-31.2500000E-03
+184.0000E-06,+1.8750000000E+00,+0.0E+00
+184.2000E-06,+1.8750000000E+00,+0.0E+00
+184.4000E-06,+1.9062500000E+00,-0.0E+00
+184.6000E-06,+1.9062500000E+00,-31.2500000E-03
+184.8000E-06,+1.9062500000E+00,-31.2500000E-03
+185.0000E-06,+1.8750000000E+00,-31.2500000E-03
+185.2000E-06,+1.8750000000E+00,-0.0E+00
+185.4000E-06,+1.8750000000E+00,-31.2500000E-03
+185.6000E-06,+1.8750000000E+00,-62.5000000E-03
+185.8000E-06,+1.8750000000E+00,-31.2500000E-03
+186.0000E-06,+1.9062500000E+00,-31.2500000E-03
+186.2000E-06,+1.8437500000E+00,-31.2500000E-03
+186.4000E-06,+1.8750000000E+00,-0.0E+00
+186.6000E-06,+1.8437500000E+00,-31.2500000E-03
+186.8000E-06,+1.8750000000E+00,-31.2500000E-03
+187.0000E-06,+1.8750000000E+00,-31.2500000E-03
+187.2000E-06,+1.8750000000E+00,-31.2500000E-03
+187.4000E-06,+1.8437500000E+00,+0.0E+00
+187.6000E-06,+1.8750000000E+00,+1.9062500000E+00
+187.8000E-06,+1.8750000000E+00,+1.8750000000E+00
+188.0000E-06,+1.8750000000E+00,+1.8437500000E+00
+188.2000E-06,+1.8750000000E+00,+1.8125000000E+00
+188.4000E-06,+1.8750000000E+00,+1.8750000000E+00
+188.6000E-06,+1.8437500000E+00,+1.8437500000E+00
+188.8000E-06,+1.8437500000E+00,+1.8437500000E+00
+189.0000E-06,+1.8750000000E+00,+1.8437500000E+00
+189.2000E-06,+1.9062500000E+00,+1.8125000000E+00
+189.4000E-06,+1.8750000000E+00,+1.8437500000E+00
+189.6000E-06,+1.8750000000E+00,+1.8437500000E+00
+189.8000E-06,+1.8750000000E+00,+1.8437500000E+00
+190.0000E-06,+1.8750000000E+00,+1.8437500000E+00
+190.2000E-06,+1.8750000000E+00,+1.8437500000E+00
+190.4000E-06,+1.8750000000E+00,+1.8437500000E+00
+190.6000E-06,+1.8750000000E+00,+1.8125000000E+00
+190.8000E-06,+1.8437500000E+00,+1.8437500000E+00
+191.0000E-06,+1.8750000000E+00,+1.8750000000E+00
+191.2000E-06,+1.8750000000E+00,+1.8437500000E+00
+191.4000E-06,+1.8750000000E+00,+1.8125000000E+00
+191.6000E-06,-187.5000000E-03,+1.7812500000E+00
+191.8000E-06,-125.0000000E-03,+1.8437500000E+00
+192.0000E-06,-125.0000000E-03,+1.8437500000E+00
+192.2000E-06,-125.0000000E-03,+1.8437500000E+00
+192.4000E-06,-125.0000000E-03,+1.8125000000E+00
+192.6000E-06,-125.0000000E-03,+1.8125000000E+00
+192.8000E-06,-156.2500000E-03,+1.8125000000E+00
+193.0000E-06,-125.0000000E-03,+1.8125000000E+00
+193.2000E-06,-156.2500000E-03,+1.8437500000E+00
+193.4000E-06,-125.0000000E-03,+1.8437500000E+00
+193.6000E-06,-125.0000000E-03,+1.8125000000E+00
+193.8000E-06,-125.0000000E-03,+1.8125000000E+00
+194.0000E-06,-156.2500000E-03,+1.8437500000E+00
+194.2000E-06,-125.0000000E-03,+1.8750000000E+00
+194.4000E-06,-125.0000000E-03,+1.8125000000E+00
+194.6000E-06,-93.7500000E-03,+1.8437500000E+00
+194.8000E-06,-125.0000000E-03,+1.8437500000E+00
+195.0000E-06,-125.0000000E-03,+1.8437500000E+00
+195.2000E-06,-125.0000000E-03,+1.8125000000E+00
+195.4000E-06,-156.2500000E-03,+1.8437500000E+00
+195.6000E-06,-125.0000000E-03,+1.8437500000E+00
+195.8000E-06,-93.7500000E-03,+1.8125000000E+00
+196.0000E-06,-125.0000000E-03,+1.8125000000E+00
+196.2000E-06,-125.0000000E-03,+1.8437500000E+00
+196.4000E-06,-125.0000000E-03,+1.8125000000E+00
+196.6000E-06,-125.0000000E-03,+1.8437500000E+00
+196.8000E-06,-125.0000000E-03,+1.8437500000E+00
+197.0000E-06,-125.0000000E-03,+1.8125000000E+00
+197.2000E-06,-125.0000000E-03,+1.8125000000E+00
+197.4000E-06,-125.0000000E-03,+1.8125000000E+00
+197.6000E-06,-93.7500000E-03,+1.8125000000E+00
+197.8000E-06,-125.0000000E-03,+1.8437500000E+00
+198.0000E-06,-125.0000000E-03,+1.8125000000E+00
+198.2000E-06,-93.7500000E-03,+1.8125000000E+00
+198.4000E-06,-125.0000000E-03,+1.8125000000E+00
+198.6000E-06,-156.2500000E-03,+1.8437500000E+00
+198.8000E-06,-93.7500000E-03,+1.8125000000E+00
+199.0000E-06,-125.0000000E-03,+1.8125000000E+00
+199.2000E-06,-125.0000000E-03,+1.8125000000E+00
+199.4000E-06,-125.0000000E-03,+1.8437500000E+00
+199.6000E-06,-156.2500000E-03,-156.2500000E-03
+199.8000E-06,-93.7500000E-03,-62.5000000E-03
